n_clusters,db_score,silhouette_score
2,0.670748135861825,0.5841520311480444
3,1.4030141189356258,0.4929029907474967
4,1.298273821602268,0.5048004463185007
5,1.4208441819935147,0.4785173574964044
6,1.428154642601343,0.4755292784223713
7,1.422325082510642,0.47168415892459226
8,1.4773198444378401,0.4713313387505691
9,1.521148785760431,0.46876537357323234
10,1.4081369471841023,0.40528310831042635
